chi2,Nmet,Nearth,Total_mass
5.198957411936155,7.0,2.4000000000000004,9.4
